{
  "project_duration_days": {
    "mean": 2.270313765403713,
    "std": 0.6254743087062226
  },
  "project_current_entry_count": {
    "mean": 3.701787420902053,
    "std": 1.1723745935431646
  },
  "project_hist_entry_count": {
    "mean": 4.685837055779967,
    "std": 0.7420366788128444
  },
  "worker_quality": {
    "mean": 0.7858603520990806,
    "std": 0.11758413826306073
  },
  "worker_history_count": {
    "mean": 3.5748339817316204,
    "std": 1.8254574197598112
  },
  "worker_active_days": {
    "mean": 4.418503162075209,
    "std": 1.9362002186515261
  },
  "worker_category_count": {
    "mean": 3.114646591313464,
    "std": 2.0911623576380203
  },
  "worker_recent_activity": {
    "mean": 1.4171919078264985,
    "std": 1.13238199343299
  }
}